realtime_start,realtime_end,date,value
2019-12-23,2019-12-23,1919-01-01,5.0124
2019-12-23,2019-12-23,1919-02-01,4.7908
2019-12-23,2019-12-23,1919-03-01,4.6524
2019-12-23,2019-12-23,1919-04-01,4.7355
2019-12-23,2019-12-23,1919-05-01,4.7632
2019-12-23,2019-12-23,1919-06-01,5.0678
2019-12-23,2019-12-23,1919-07-01,5.3724
2019-12-23,2019-12-23,1919-08-01,5.4555
2019-12-23,2019-12-23,1919-09-01,5.3447
2019-12-23,2019-12-23,1919-10-01,5.2893
2019-12-23,2019-12-23,1919-11-01,5.2062
2019-12-23,2019-12-23,1919-12-01,5.2893
2019-12-23,2019-12-23,1920-01-01,5.7878
2019-12-23,2019-12-23,1920-02-01,5.7878
2019-12-23,2019-12-23,1920-03-01,5.6770
2019-12-23,2019-12-23,1920-04-01,5.3724
2019-12-23,2019-12-23,1920-05-01,5.5109
2019-12-23,2019-12-23,1920-06-01,5.5663
2019-12-23,2019-12-23,1920-07-01,5.4278
2019-12-23,2019-12-23,1920-08-01,5.4555
2019-12-23,2019-12-23,1920-09-01,5.2616
2019-12-23,2019-12-23,1920-10-01,5.0401
2019-12-23,2019-12-23,1920-11-01,4.6247
2019-12-23,2019-12-23,1920-12-01,4.3478
2019-12-23,2019-12-23,1921-01-01,4.0985
2019-12-23,2019-12-23,1921-02-01,4.0155
2019-12-23,2019-12-23,1921-03-01,3.9047
2019-12-23,2019-12-23,1921-04-01,3.9047
2019-12-23,2019-12-23,1921-05-01,4.0155
2019-12-23,2019-12-23,1921-06-01,3.9878
2019-12-23,2019-12-23,1921-07-01,3.9601
2019-12-23,2019-12-23,1921-08-01,4.0985
2019-12-23,2019-12-23,1921-09-01,4.1262
2019-12-23,2019-12-23,1921-10-01,4.3755
2019-12-23,2019-12-23,1921-11-01,4.3201
2019-12-23,2019-12-23,1921-12-01,4.2924
2019-12-23,2019-12-23,1922-01-01,4.4585
2019-12-23,2019-12-23,1922-02-01,4.6524
2019-12-23,2019-12-23,1922-03-01,4.9016
2019-12-23,2019-12-23,1922-04-01,4.7355
2019-12-23,2019-12-23,1922-05-01,4.9847
2019-12-23,2019-12-23,1922-06-01,5.2339
2019-12-23,2019-12-23,1922-07-01,5.2339
2019-12-23,2019-12-23,1922-08-01,5.1232
2019-12-23,2019-12-23,1922-09-01,5.4001
2019-12-23,2019-12-23,1922-10-01,5.7047
2019-12-23,2019-12-23,1922-11-01,5.9539
2019-12-23,2019-12-23,1922-12-01,6.1201
2019-12-23,2019-12-23,1923-01-01,5.9816
2019-12-23,2019-12-23,1923-02-01,6.0647
2019-12-23,2019-12-23,1923-03-01,6.2586
2019-12-23,2019-12-23,1923-04-01,6.3970
2019-12-23,2019-12-23,1923-05-01,6.4801
2019-12-23,2019-12-23,1923-06-01,6.4247
2019-12-23,2019-12-23,1923-07-01,6.3693
2019-12-23,2019-12-23,1923-08-01,6.2586
2019-12-23,2019-12-23,1923-09-01,6.1201
2019-12-23,2019-12-23,1923-10-01,6.0924
2019-12-23,2019-12-23,1923-11-01,6.0924
2019-12-23,2019-12-23,1923-12-01,5.9539
2019-12-23,2019-12-23,1924-01-01,6.0924
2019-12-23,2019-12-23,1924-02-01,6.2032
2019-12-23,2019-12-23,1924-03-01,6.0924
2019-12-23,2019-12-23,1924-04-01,5.8986
2019-12-23,2019-12-23,1924-05-01,5.6493
2019-12-23,2019-12-23,1924-06-01,5.4001
2019-12-23,2019-12-23,1924-07-01,5.3170
2019-12-23,2019-12-23,1924-08-01,5.5109
2019-12-23,2019-12-23,1924-09-01,5.7047
2019-12-23,2019-12-23,1924-10-01,5.8432
2019-12-23,2019-12-23,1924-11-01,5.9540
2019-12-23,2019-12-23,1924-12-01,6.1201
2019-12-23,2019-12-23,1925-01-01,6.3140
2019-12-23,2019-12-23,1925-02-01,6.3140
2019-12-23,2019-12-23,1925-03-01,6.3140
2019-12-23,2019-12-23,1925-04-01,6.3693
2019-12-23,2019-12-23,1925-05-01,6.3416
2019-12-23,2019-12-23,1925-06-01,6.2863
2019-12-23,2019-12-23,1925-07-01,6.4524
2019-12-23,2019-12-23,1925-08-01,6.3416
2019-12-23,2019-12-23,1925-09-01,6.2586
2019-12-23,2019-12-23,1925-10-01,6.5078
2019-12-23,2019-12-23,1925-11-01,6.6463
2019-12-23,2019-12-23,1925-12-01,6.7293
2019-12-23,2019-12-23,1926-01-01,6.6186
2019-12-23,2019-12-23,1926-02-01,6.6186
2019-12-23,2019-12-23,1926-03-01,6.7017
2019-12-23,2019-12-23,1926-04-01,6.7017
2019-12-23,2019-12-23,1926-05-01,6.6463
2019-12-23,2019-12-23,1926-06-01,6.7293
2019-12-23,2019-12-23,1926-07-01,6.7570
2019-12-23,2019-12-23,1926-08-01,6.8401
2019-12-23,2019-12-23,1926-09-01,6.9509
2019-12-23,2019-12-23,1926-10-01,6.9509
2019-12-23,2019-12-23,1926-11-01,6.9232
2019-12-23,2019-12-23,1926-12-01,6.8955
2019-12-23,2019-12-23,1927-01-01,6.8678
2019-12-23,2019-12-23,1927-02-01,6.9232
2019-12-23,2019-12-23,1927-03-01,7.0063
2019-12-23,2019-12-23,1927-04-01,6.8401
2019-12-23,2019-12-23,1927-05-01,6.8955
2019-12-23,2019-12-23,1927-06-01,6.8678
2019-12-23,2019-12-23,1927-07-01,6.7847
2019-12-23,2019-12-23,1927-08-01,6.7847
2019-12-23,2019-12-23,1927-09-01,6.6740
2019-12-23,2019-12-23,1927-10-01,6.5355
2019-12-23,2019-12-23,1927-11-01,6.5355
2019-12-23,2019-12-23,1927-12-01,6.5632
2019-12-23,2019-12-23,1928-01-01,6.7017
2019-12-23,2019-12-23,1928-02-01,6.7570
2019-12-23,2019-12-23,1928-03-01,6.8124
2019-12-23,2019-12-23,1928-04-01,6.7847
2019-12-23,2019-12-23,1928-05-01,6.8678
2019-12-23,2019-12-23,1928-06-01,6.9232
2019-12-23,2019-12-23,1928-07-01,7.0063
2019-12-23,2019-12-23,1928-08-01,7.1447
2019-12-23,2019-12-23,1928-09-01,7.2001
2019-12-23,2019-12-23,1928-10-01,7.3386
2019-12-23,2019-12-23,1928-11-01,7.4770
2019-12-23,2019-12-23,1928-12-01,7.6155
2019-12-23,2019-12-23,1929-01-01,7.7263
2019-12-23,2019-12-23,1929-02-01,7.6986
2019-12-23,2019-12-23,1929-03-01,7.7263
2019-12-23,2019-12-23,1929-04-01,7.8648
2019-12-23,2019-12-23,1929-05-01,8.0032
2019-12-23,2019-12-23,1929-06-01,8.0586
2019-12-23,2019-12-23,1929-07-01,8.1694
2019-12-23,2019-12-23,1929-08-01,8.0863
2019-12-23,2019-12-23,1929-09-01,8.0309
2019-12-23,2019-12-23,1929-10-01,7.8924
2019-12-23,2019-12-23,1929-11-01,7.5047
2019-12-23,2019-12-23,1929-12-01,7.1724
2019-12-23,2019-12-23,1930-01-01,7.1724
2019-12-23,2019-12-23,1930-02-01,7.1447
2019-12-23,2019-12-23,1930-03-01,7.0340
2019-12-23,2019-12-23,1930-04-01,6.9786
2019-12-23,2019-12-23,1930-05-01,6.8678
2019-12-23,2019-12-23,1930-06-01,6.6740
2019-12-23,2019-12-23,1930-07-01,6.3693
2019-12-23,2019-12-23,1930-08-01,6.2309
2019-12-23,2019-12-23,1930-09-01,6.1201
2019-12-23,2019-12-23,1930-10-01,5.9539
2019-12-23,2019-12-23,1930-11-01,5.8155
2019-12-23,2019-12-23,1930-12-01,5.6770
2019-12-23,2019-12-23,1931-01-01,5.6493
2019-12-23,2019-12-23,1931-02-01,5.6770
2019-12-23,2019-12-23,1931-03-01,5.7878
2019-12-23,2019-12-23,1931-04-01,5.8155
2019-12-23,2019-12-23,1931-05-01,5.7324
2019-12-23,2019-12-23,1931-06-01,5.5939
2019-12-23,2019-12-23,1931-07-01,5.5109
2019-12-23,2019-12-23,1931-08-01,5.3170
2019-12-23,2019-12-23,1931-09-01,5.0678
2019-12-23,2019-12-23,1931-10-01,4.8739
2019-12-23,2019-12-23,1931-11-01,4.8185
2019-12-23,2019-12-23,1931-12-01,4.7908
2019-12-23,2019-12-23,1932-01-01,4.6524
2019-12-23,2019-12-23,1932-02-01,4.5416
2019-12-23,2019-12-23,1932-03-01,4.4862
2019-12-23,2019-12-23,1932-04-01,4.1816
2019-12-23,2019-12-23,1932-05-01,4.0431
2019-12-23,2019-12-23,1932-06-01,3.9047
2019-12-23,2019-12-23,1932-07-01,3.7939
2019-12-23,2019-12-23,1932-08-01,3.9047
2019-12-23,2019-12-23,1932-09-01,4.1539
2019-12-23,2019-12-23,1932-10-01,4.2924
2019-12-23,2019-12-23,1932-11-01,4.2924
2019-12-23,2019-12-23,1932-12-01,4.2093
2019-12-23,2019-12-23,1933-01-01,4.1262
2019-12-23,2019-12-23,1933-02-01,4.1539
2019-12-23,2019-12-23,1933-03-01,3.9047
2019-12-23,2019-12-23,1933-04-01,4.1816
2019-12-23,2019-12-23,1933-05-01,4.8739
2019-12-23,2019-12-23,1933-06-01,5.6216
2019-12-23,2019-12-23,1933-07-01,6.1478
2019-12-23,2019-12-23,1933-08-01,5.8986
2019-12-23,2019-12-23,1933-09-01,5.5663
2019-12-23,2019-12-23,1933-10-01,5.2893
2019-12-23,2019-12-23,1933-11-01,4.9847
2019-12-23,2019-12-23,1933-12-01,5.0124
2019-12-23,2019-12-23,1934-01-01,5.1785
2019-12-23,2019-12-23,1934-02-01,5.4278
2019-12-23,2019-12-23,1934-03-01,5.6770
2019-12-23,2019-12-23,1934-04-01,5.6770
2019-12-23,2019-12-23,1934-05-01,5.7878
2019-12-23,2019-12-23,1934-06-01,5.6770
2019-12-23,2019-12-23,1934-07-01,5.2893
2019-12-23,2019-12-23,1934-08-01,5.2339
2019-12-23,2019-12-23,1934-09-01,4.9293
2019-12-23,2019-12-23,1934-10-01,5.1509
2019-12-23,2019-12-23,1934-11-01,5.2062
2019-12-23,2019-12-23,1934-12-01,5.5386
2019-12-23,2019-12-23,1935-01-01,5.9816
2019-12-23,2019-12-23,1935-02-01,6.0924
2019-12-23,2019-12-23,1935-03-01,6.0647
2019-12-23,2019-12-23,1935-04-01,5.9539
2019-12-23,2019-12-23,1935-05-01,5.9539
2019-12-23,2019-12-23,1935-06-01,6.0370
2019-12-23,2019-12-23,1935-07-01,6.0370
2019-12-23,2019-12-23,1935-08-01,6.2586
2019-12-23,2019-12-23,1935-09-01,6.4247
2019-12-23,2019-12-23,1935-10-01,6.6186
2019-12-23,2019-12-23,1935-11-01,6.7570
2019-12-23,2019-12-23,1935-12-01,6.8401
2019-12-23,2019-12-23,1936-01-01,6.7293
2019-12-23,2019-12-23,1936-02-01,6.5632
2019-12-23,2019-12-23,1936-03-01,6.6463
2019-12-23,2019-12-23,1936-04-01,7.0617
2019-12-23,2019-12-23,1936-05-01,7.2001
2019-12-23,2019-12-23,1936-06-01,7.3386
2019-12-23,2019-12-23,1936-07-01,7.4770
2019-12-23,2019-12-23,1936-08-01,7.5878
2019-12-23,2019-12-23,1936-09-01,7.7263
2019-12-23,2019-12-23,1936-10-01,7.8371
2019-12-23,2019-12-23,1936-11-01,8.0586
2019-12-23,2019-12-23,1936-12-01,8.3078
2019-12-23,2019-12-23,1937-01-01,8.2801
2019-12-23,2019-12-23,1937-02-01,8.3909
2019-12-23,2019-12-23,1937-03-01,8.5848
2019-12-23,2019-12-23,1937-04-01,8.5848
2019-12-23,2019-12-23,1937-05-01,8.6125
2019-12-23,2019-12-23,1937-06-01,8.5017
2019-12-23,2019-12-23,1937-07-01,8.5571
2019-12-23,2019-12-23,1937-08-01,8.5017
2019-12-23,2019-12-23,1937-09-01,8.2248
2019-12-23,2019-12-23,1937-10-01,7.6155
2019-12-23,2019-12-23,1937-11-01,6.8678
2019-12-23,2019-12-23,1937-12-01,6.2586
2019-12-23,2019-12-23,1938-01-01,6.1201
2019-12-23,2019-12-23,1938-02-01,6.0647
2019-12-23,2019-12-23,1938-03-01,6.0647
2019-12-23,2019-12-23,1938-04-01,5.9539
2019-12-23,2019-12-23,1938-05-01,5.8155
2019-12-23,2019-12-23,1938-06-01,5.8709
2019-12-23,2019-12-23,1938-07-01,6.2032
2019-12-23,2019-12-23,1938-08-01,6.5355
2019-12-23,2019-12-23,1938-09-01,6.7293
2019-12-23,2019-12-23,1938-10-01,6.8955
2019-12-23,2019-12-23,1938-11-01,7.1724
2019-12-23,2019-12-23,1938-12-01,7.2555
2019-12-23,2019-12-23,1939-01-01,7.2555
2019-12-23,2019-12-23,1939-02-01,7.3109
2019-12-23,2019-12-23,1939-03-01,7.3386
2019-12-23,2019-12-23,1939-04-01,7.3109
2019-12-23,2019-12-23,1939-05-01,7.2832
2019-12-23,2019-12-23,1939-06-01,7.4494
2019-12-23,2019-12-23,1939-07-01,7.6709
2019-12-23,2019-12-23,1939-08-01,7.7817
2019-12-23,2019-12-23,1939-09-01,8.2525
2019-12-23,2019-12-23,1939-10-01,8.6678
2019-12-23,2019-12-23,1939-11-01,8.8894
2019-12-23,2019-12-23,1939-12-01,8.8894
2019-12-23,2019-12-23,1940-01-01,8.7786
2019-12-23,2019-12-23,1940-02-01,8.5017
2019-12-23,2019-12-23,1940-03-01,8.3078
2019-12-23,2019-12-23,1940-04-01,8.4740
2019-12-23,2019-12-23,1940-05-01,8.7232
2019-12-23,2019-12-23,1940-06-01,9.0002
2019-12-23,2019-12-23,1940-07-01,9.1109
2019-12-23,2019-12-23,1940-08-01,9.1663
2019-12-23,2019-12-23,1940-09-01,9.3602
2019-12-23,2019-12-23,1940-10-01,9.4986
2019-12-23,2019-12-23,1940-11-01,9.7202
2019-12-23,2019-12-23,1940-12-01,10.0525
2019-12-23,2019-12-23,1941-01-01,10.3017
2019-12-23,2019-12-23,1941-02-01,10.6063
2019-12-23,2019-12-23,1941-03-01,10.9386
2019-12-23,2019-12-23,1941-04-01,10.9663
2019-12-23,2019-12-23,1941-05-01,11.4648
2019-12-23,2019-12-23,1941-06-01,11.5479
2019-12-23,2019-12-23,1941-07-01,11.6864
2019-12-23,2019-12-23,1941-08-01,11.8248
2019-12-23,2019-12-23,1941-09-01,11.8248
2019-12-23,2019-12-23,1941-10-01,11.9356
2019-12-23,2019-12-23,1941-11-01,11.9910
2019-12-23,2019-12-23,1941-12-01,12.1848
2019-12-23,2019-12-23,1942-01-01,12.4341
2019-12-23,2019-12-23,1942-02-01,12.6556
2019-12-23,2019-12-23,1942-03-01,12.7941
2019-12-23,2019-12-23,1942-04-01,12.4341
2019-12-23,2019-12-23,1942-05-01,12.4617
2019-12-23,2019-12-23,1942-06-01,12.4895
2019-12-23,2019-12-23,1942-07-01,12.7941
2019-12-23,2019-12-23,1942-08-01,13.1818
2019-12-23,2019-12-23,1942-09-01,13.4864
2019-12-23,2019-12-23,1942-10-01,13.9295
2019-12-23,2019-12-23,1942-11-01,14.2618
2019-12-23,2019-12-23,1942-12-01,14.5941
2019-12-23,2019-12-23,1943-01-01,14.7326
2019-12-23,2019-12-23,1943-02-01,15.1203
2019-12-23,2019-12-23,1943-03-01,15.2310
2019-12-23,2019-12-23,1943-04-01,15.4249
2019-12-23,2019-12-23,1943-05-01,15.5356
2019-12-23,2019-12-23,1943-06-01,15.4526
2019-12-23,2019-12-23,1943-07-01,15.9233
2019-12-23,2019-12-23,1943-08-01,16.2557
2019-12-23,2019-12-23,1943-09-01,16.6711
2019-12-23,2019-12-23,1943-10-01,16.9203
2019-12-23,2019-12-23,1943-11-01,17.1418
2019-12-23,2019-12-23,1943-12-01,16.9203
2019-12-23,2019-12-23,1944-01-01,17.1141
2019-12-23,2019-12-23,1944-02-01,17.2526
2019-12-23,2019-12-23,1944-03-01,17.2249
2019-12-23,2019-12-23,1944-04-01,17.2249
2019-12-23,2019-12-23,1944-05-01,17.1142
2019-12-23,2019-12-23,1944-06-01,17.0588
2019-12-23,2019-12-23,1944-07-01,17.0311
2019-12-23,2019-12-23,1944-08-01,17.2526
2019-12-23,2019-12-23,1944-09-01,17.1418
2019-12-23,2019-12-23,1944-10-01,17.1972
2019-12-23,2019-12-23,1944-11-01,17.0588
2019-12-23,2019-12-23,1944-12-01,17.0034
2019-12-23,2019-12-23,1945-01-01,16.8372
2019-12-23,2019-12-23,1945-02-01,16.7818
2019-12-23,2019-12-23,1945-03-01,16.6710
2019-12-23,2019-12-23,1945-04-01,16.3664
2019-12-23,2019-12-23,1945-05-01,15.9234
2019-12-23,2019-12-23,1945-06-01,15.5633
2019-12-23,2019-12-23,1945-07-01,15.2034
2019-12-23,2019-12-23,1945-08-01,13.6249
2019-12-23,2019-12-23,1945-09-01,12.4064
2019-12-23,2019-12-23,1945-10-01,11.9079
2019-12-23,2019-12-23,1945-11-01,12.3510
2019-12-23,2019-12-23,1945-12-01,12.4064
2019-12-23,2019-12-23,1946-01-01,11.7140
2019-12-23,2019-12-23,1946-02-01,11.1325
2019-12-23,2019-12-23,1946-03-01,12.2956
2019-12-23,2019-12-23,1946-04-01,12.0741
2019-12-23,2019-12-23,1946-05-01,11.6310
2019-12-23,2019-12-23,1946-06-01,12.3510
2019-12-23,2019-12-23,1946-07-01,12.7664
2019-12-23,2019-12-23,1946-08-01,13.2371
2019-12-23,2019-12-23,1946-09-01,13.4864
2019-12-23,2019-12-23,1946-10-01,13.7356
2019-12-23,2019-12-23,1946-11-01,13.8187
2019-12-23,2019-12-23,1946-12-01,13.9018
2019-12-23,2019-12-23,1947-01-01,14.0679
2019-12-23,2019-12-23,1947-02-01,14.1510
2019-12-23,2019-12-23,1947-03-01,14.2341
2019-12-23,2019-12-23,1947-04-01,14.1233
2019-12-23,2019-12-23,1947-05-01,14.1787
2019-12-23,2019-12-23,1947-06-01,14.1787
2019-12-23,2019-12-23,1947-07-01,14.0956
2019-12-23,2019-12-23,1947-08-01,14.1787
2019-12-23,2019-12-23,1947-09-01,14.2895
2019-12-23,2019-12-23,1947-10-01,14.4279
2019-12-23,2019-12-23,1947-11-01,14.6218
2019-12-23,2019-12-23,1947-12-01,14.6772
2019-12-23,2019-12-23,1948-01-01,14.7603
2019-12-23,2019-12-23,1948-02-01,14.7880
2019-12-23,2019-12-23,1948-03-01,14.6218
2019-12-23,2019-12-23,1948-04-01,14.6495
2019-12-23,2019-12-23,1948-05-01,14.8987
2019-12-23,2019-12-23,1948-06-01,15.0926
2019-12-23,2019-12-23,1948-07-01,15.0926
2019-12-23,2019-12-23,1948-08-01,15.0372
2019-12-23,2019-12-23,1948-09-01,14.9264
2019-12-23,2019-12-23,1948-10-01,15.0372
2019-12-23,2019-12-23,1948-11-01,14.8433
2019-12-23,2019-12-23,1948-12-01,14.7049
2019-12-23,2019-12-23,1949-01-01,14.5664
2019-12-23,2019-12-23,1949-02-01,14.4280
2019-12-23,2019-12-23,1949-03-01,14.1510
2019-12-23,2019-12-23,1949-04-01,14.0679
2019-12-23,2019-12-23,1949-05-01,13.8741
2019-12-23,2019-12-23,1949-06-01,13.8464
2019-12-23,2019-12-23,1949-07-01,13.8187
2019-12-23,2019-12-23,1949-08-01,13.9572
2019-12-23,2019-12-23,1949-09-01,14.0956
2019-12-23,2019-12-23,1949-10-01,13.5695
2019-12-23,2019-12-23,1949-11-01,13.9295
2019-12-23,2019-12-23,1949-12-01,14.1787
2019-12-23,2019-12-23,1950-01-01,14.4279
2019-12-23,2019-12-23,1950-02-01,14.4833
2019-12-23,2019-12-23,1950-03-01,14.9541
2019-12-23,2019-12-23,1950-04-01,15.4526
2019-12-23,2019-12-23,1950-05-01,15.8126
2019-12-23,2019-12-23,1950-06-01,16.2834
2019-12-23,2019-12-23,1950-07-01,16.8095
2019-12-23,2019-12-23,1950-08-01,17.3357
2019-12-23,2019-12-23,1950-09-01,17.2249
2019-12-23,2019-12-23,1950-10-01,17.3357
2019-12-23,2019-12-23,1950-11-01,17.3080
2019-12-23,2019-12-23,1950-12-01,17.6126
2019-12-23,2019-12-23,1951-01-01,17.6680
2019-12-23,2019-12-23,1951-02-01,17.7788
2019-12-23,2019-12-23,1951-03-01,17.8618
2019-12-23,2019-12-23,1951-04-01,17.8895
2019-12-23,2019-12-23,1951-05-01,17.8342
2019-12-23,2019-12-23,1951-06-01,17.7511
2019-12-23,2019-12-23,1951-07-01,17.4741
2019-12-23,2019-12-23,1951-08-01,17.3080
2019-12-23,2019-12-23,1951-09-01,17.4188
2019-12-23,2019-12-23,1951-10-01,17.3911
2019-12-23,2019-12-23,1951-11-01,17.5295
2019-12-23,2019-12-23,1951-12-01,17.6403
2019-12-23,2019-12-23,1952-01-01,17.8341
2019-12-23,2019-12-23,1952-02-01,17.9449
2019-12-23,2019-12-23,1952-03-01,18.0003
2019-12-23,2019-12-23,1952-04-01,17.8341
2019-12-23,2019-12-23,1952-05-01,17.6680
2019-12-23,2019-12-23,1952-06-01,17.5018
2019-12-23,2019-12-23,1952-07-01,17.2249
2019-12-23,2019-12-23,1952-08-01,18.3326
2019-12-23,2019-12-23,1952-09-01,18.9972
2019-12-23,2019-12-23,1952-10-01,19.1911
2019-12-23,2019-12-23,1952-11-01,19.5788
2019-12-23,2019-12-23,1952-12-01,19.6896
2019-12-23,2019-12-23,1953-01-01,19.7449
2019-12-23,2019-12-23,1953-02-01,19.8557
2019-12-23,2019-12-23,1953-03-01,20.0219
2019-12-23,2019-12-23,1953-04-01,20.1050
2019-12-23,2019-12-23,1953-05-01,20.2157
2019-12-23,2019-12-23,1953-06-01,20.1326
2019-12-23,2019-12-23,1953-07-01,20.3819
2019-12-23,2019-12-23,1953-08-01,20.2711
2019-12-23,2019-12-23,1953-09-01,19.8557
2019-12-23,2019-12-23,1953-10-01,19.6896
2019-12-23,2019-12-23,1953-11-01,19.2188
2019-12-23,2019-12-23,1953-12-01,18.7480
2019-12-23,2019-12-23,1954-01-01,18.6095
2019-12-23,2019-12-23,1954-02-01,18.6649
2019-12-23,2019-12-23,1954-03-01,18.5542
2019-12-23,2019-12-23,1954-04-01,18.4434
2019-12-23,2019-12-23,1954-05-01,18.5542
2019-12-23,2019-12-23,1954-06-01,18.6096
2019-12-23,2019-12-23,1954-07-01,18.6372
2019-12-23,2019-12-23,1954-08-01,18.6095
2019-12-23,2019-12-23,1954-09-01,18.6372
2019-12-23,2019-12-23,1954-10-01,18.8588
2019-12-23,2019-12-23,1954-11-01,19.1634
2019-12-23,2019-12-23,1954-12-01,19.4126
2019-12-23,2019-12-23,1955-01-01,19.8557
2019-12-23,2019-12-23,1955-02-01,20.1050
2019-12-23,2019-12-23,1955-03-01,20.5757
2019-12-23,2019-12-23,1955-04-01,20.8250
2019-12-23,2019-12-23,1955-05-01,21.1573
2019-12-23,2019-12-23,1955-06-01,21.1850
2019-12-23,2019-12-23,1955-07-01,21.3511
2019-12-23,2019-12-23,1955-08-01,21.3234
2019-12-23,2019-12-23,1955-09-01,21.4619
2019-12-23,2019-12-23,1955-10-01,21.8219
2019-12-23,2019-12-23,1955-11-01,21.8773
2019-12-23,2019-12-23,1955-12-01,21.9604
2019-12-23,2019-12-23,1956-01-01,22.0988
2019-12-23,2019-12-23,1956-02-01,21.9050
2019-12-23,2019-12-23,1956-03-01,21.9050
2019-12-23,2019-12-23,1956-04-01,22.0712
2019-12-23,2019-12-23,1956-05-01,21.8773
2019-12-23,2019-12-23,1956-06-01,21.6835
2019-12-23,2019-12-23,1956-07-01,21.0188
2019-12-23,2019-12-23,1956-08-01,21.8773
2019-12-23,2019-12-23,1956-09-01,22.3758
2019-12-23,2019-12-23,1956-10-01,22.5696
2019-12-23,2019-12-23,1956-11-01,22.3758
2019-12-23,2019-12-23,1956-12-01,22.7081
2019-12-23,2019-12-23,1957-01-01,22.6250
2019-12-23,2019-12-23,1957-02-01,22.8466
2019-12-23,2019-12-23,1957-03-01,22.8189
2019-12-23,2019-12-23,1957-04-01,22.5142
2019-12-23,2019-12-23,1957-05-01,22.4312
2019-12-23,2019-12-23,1957-06-01,22.4866
2019-12-23,2019-12-23,1957-07-01,22.6250
2019-12-23,2019-12-23,1957-08-01,22.6250
2019-12-23,2019-12-23,1957-09-01,22.4312
2019-12-23,2019-12-23,1957-10-01,22.0988
2019-12-23,2019-12-23,1957-11-01,21.5727
2019-12-23,2019-12-23,1957-12-01,21.1573
2019-12-23,2019-12-23,1958-01-01,20.7696
2019-12-23,2019-12-23,1958-02-01,20.3265
2019-12-23,2019-12-23,1958-03-01,20.0773
2019-12-23,2019-12-23,1958-04-01,19.7450
2019-12-23,2019-12-23,1958-05-01,19.9388
2019-12-23,2019-12-23,1958-06-01,20.4650
2019-12-23,2019-12-23,1958-07-01,20.7696
2019-12-23,2019-12-23,1958-08-01,21.1850
2019-12-23,2019-12-23,1958-09-01,21.3788
2019-12-23,2019-12-23,1958-10-01,21.6281
2019-12-23,2019-12-23,1958-11-01,22.2650
2019-12-23,2019-12-23,1958-12-01,22.2927
2019-12-23,2019-12-23,1959-01-01,22.6250
2019-12-23,2019-12-23,1959-02-01,23.0681
2019-12-23,2019-12-23,1959-03-01,23.4004
2019-12-23,2019-12-23,1959-04-01,23.8989
2019-12-23,2019-12-23,1959-05-01,24.2589
2019-12-23,2019-12-23,1959-06-01,24.2866
2019-12-23,2019-12-23,1959-07-01,23.7050
2019-12-23,2019-12-23,1959-08-01,22.9019
2019-12-23,2019-12-23,1959-09-01,22.8743
2019-12-23,2019-12-23,1959-10-01,22.7081
2019-12-23,2019-12-23,1959-11-01,22.8466
2019-12-23,2019-12-23,1959-12-01,24.2589
2019-12-23,2019-12-23,1960-01-01,24.8958
2019-12-23,2019-12-23,1960-02-01,24.6743
2019-12-23,2019-12-23,1960-03-01,24.4528
2019-12-23,2019-12-23,1960-04-01,24.2589
2019-12-23,2019-12-23,1960-05-01,24.2312
2019-12-23,2019-12-23,1960-06-01,23.9266
2019-12-23,2019-12-23,1960-07-01,23.8435
2019-12-23,2019-12-23,1960-08-01,23.8158
2019-12-23,2019-12-23,1960-09-01,23.5666
2019-12-23,2019-12-23,1960-10-01,23.5389
2019-12-23,2019-12-23,1960-11-01,23.2066
2019-12-23,2019-12-23,1960-12-01,22.7635
2019-12-23,2019-12-23,1961-01-01,22.7912
2019-12-23,2019-12-23,1961-02-01,22.7635
2019-12-23,2019-12-23,1961-03-01,22.9020
2019-12-23,2019-12-23,1961-04-01,23.3727
2019-12-23,2019-12-23,1961-05-01,23.7327
2019-12-23,2019-12-23,1961-06-01,24.0650
2019-12-23,2019-12-23,1961-07-01,24.3420
2019-12-23,2019-12-23,1961-08-01,24.5635
2019-12-23,2019-12-23,1961-09-01,24.5358
2019-12-23,2019-12-23,1961-10-01,25.0066
2019-12-23,2019-12-23,1961-11-01,25.3943
2019-12-23,2019-12-23,1961-12-01,25.6158
2019-12-23,2019-12-23,1962-01-01,25.3943
2019-12-23,2019-12-23,1962-02-01,25.8097
2019-12-23,2019-12-23,1962-03-01,25.9482
2019-12-23,2019-12-23,1962-04-01,26.0035
2019-12-23,2019-12-23,1962-05-01,25.9758
2019-12-23,2019-12-23,1962-06-01,25.9205
2019-12-23,2019-12-23,1962-07-01,26.1697
2019-12-23,2019-12-23,1962-08-01,26.1974
2019-12-23,2019-12-23,1962-09-01,26.3635
2019-12-23,2019-12-23,1962-10-01,26.3912
2019-12-23,2019-12-23,1962-11-01,26.5020
2019-12-23,2019-12-23,1962-12-01,26.5020
2019-12-23,2019-12-23,1963-01-01,26.6958
2019-12-23,2019-12-23,1963-02-01,27.0005
2019-12-23,2019-12-23,1963-03-01,27.1666
2019-12-23,2019-12-23,1963-04-01,27.4159
2019-12-23,2019-12-23,1963-05-01,27.7482
2019-12-23,2019-12-23,1963-06-01,27.8313
2019-12-23,2019-12-23,1963-07-01,27.7205
2019-12-23,2019-12-23,1963-08-01,27.7759
2019-12-23,2019-12-23,1963-09-01,28.0528
2019-12-23,2019-12-23,1963-10-01,28.2466
2019-12-23,2019-12-23,1963-11-01,28.3851
2019-12-23,2019-12-23,1963-12-01,28.3297
2019-12-23,2019-12-23,1964-01-01,28.5790
2019-12-23,2019-12-23,1964-02-01,28.7728
2019-12-23,2019-12-23,1964-03-01,28.7728
2019-12-23,2019-12-23,1964-04-01,29.2436
2019-12-23,2019-12-23,1964-05-01,29.4098
2019-12-23,2019-12-23,1964-06-01,29.4928
2019-12-23,2019-12-23,1964-07-01,29.6867
2019-12-23,2019-12-23,1964-08-01,29.8805
2019-12-23,2019-12-23,1964-09-01,29.9913
2019-12-23,2019-12-23,1964-10-01,29.5759
2019-12-23,2019-12-23,1964-11-01,30.4898
2019-12-23,2019-12-23,1964-12-01,30.8498
2019-12-23,2019-12-23,1965-01-01,31.1821
2019-12-23,2019-12-23,1965-02-01,31.3760
2019-12-23,2019-12-23,1965-03-01,31.7913
2019-12-23,2019-12-23,1965-04-01,31.9298
2019-12-23,2019-12-23,1965-05-01,32.1790
2019-12-23,2019-12-23,1965-06-01,32.4283
2019-12-23,2019-12-23,1965-07-01,32.7329
2019-12-23,2019-12-23,1965-08-01,32.8713
2019-12-23,2019-12-23,1965-09-01,32.9544
2019-12-23,2019-12-23,1965-10-01,33.2868
2019-12-23,2019-12-23,1965-11-01,33.4252
2019-12-23,2019-12-23,1965-12-01,33.8406
2019-12-23,2019-12-23,1966-01-01,34.1729
2019-12-23,2019-12-23,1966-02-01,34.3945
2019-12-23,2019-12-23,1966-03-01,34.8652
2019-12-23,2019-12-23,1966-04-01,34.9206
2019-12-23,2019-12-23,1966-05-01,35.2529
2019-12-23,2019-12-23,1966-06-01,35.4191
2019-12-23,2019-12-23,1966-07-01,35.6129
2019-12-23,2019-12-23,1966-08-01,35.6406
2019-12-23,2019-12-23,1966-09-01,35.9729
2019-12-23,2019-12-23,1966-10-01,36.2221
2019-12-23,2019-12-23,1966-11-01,35.9729
2019-12-23,2019-12-23,1966-12-01,36.0560
2019-12-23,2019-12-23,1967-01-01,36.2261
2019-12-23,2019-12-23,1967-02-01,35.8152
2019-12-23,2019-12-23,1967-03-01,35.6133
2019-12-23,2019-12-23,1967-04-01,35.9492
2019-12-23,2019-12-23,1967-05-01,35.6356
2019-12-23,2019-12-23,1967-06-01,35.6311
2019-12-23,2019-12-23,1967-07-01,35.5500
2019-12-23,2019-12-23,1967-08-01,36.2311
2019-12-23,2019-12-23,1967-09-01,36.1723
2019-12-23,2019-12-23,1967-10-01,36.4669
2019-12-23,2019-12-23,1967-11-01,36.9884
2019-12-23,2019-12-23,1967-12-01,37.3868
2019-12-23,2019-12-23,1968-01-01,37.3465
2019-12-23,2019-12-23,1968-02-01,37.4804
2019-12-23,2019-12-23,1968-03-01,37.5974
2019-12-23,2019-12-23,1968-04-01,37.6518
2019-12-23,2019-12-23,1968-05-01,38.0741
2019-12-23,2019-12-23,1968-06-01,38.2140
2019-12-23,2019-12-23,1968-07-01,38.1554
2019-12-23,2019-12-23,1968-08-01,38.2619
2019-12-23,2019-12-23,1968-09-01,38.4068
2019-12-23,2019-12-23,1968-10-01,38.4830
2019-12-23,2019-12-23,1968-11-01,38.9808
2019-12-23,2019-12-23,1968-12-01,39.1039
2019-12-23,2019-12-23,1969-01-01,39.3405
2019-12-23,2019-12-23,1969-02-01,39.5922
2019-12-23,2019-12-23,1969-03-01,39.9027
2019-12-23,2019-12-23,1969-04-01,39.7559
2019-12-23,2019-12-23,1969-05-01,39.6056
2019-12-23,2019-12-23,1969-06-01,39.9925
2019-12-23,2019-12-23,1969-07-01,40.2037
2019-12-23,2019-12-23,1969-08-01,40.2961
2019-12-23,2019-12-23,1969-09-01,40.2870
2019-12-23,2019-12-23,1969-10-01,40.2988
2019-12-23,2019-12-23,1969-11-01,39.9189
2019-12-23,2019-12-23,1969-12-01,39.8118
2019-12-23,2019-12-23,1970-01-01,39.0746
2019-12-23,2019-12-23,1970-02-01,39.0488
2019-12-23,2019-12-23,1970-03-01,38.9981
2019-12-23,2019-12-23,1970-04-01,38.8979
2019-12-23,2019-12-23,1970-05-01,38.8525
2019-12-23,2019-12-23,1970-06-01,38.7269
2019-12-23,2019-12-23,1970-07-01,38.8219
2019-12-23,2019-12-23,1970-08-01,38.7527
2019-12-23,2019-12-23,1970-09-01,38.4856
2019-12-23,2019-12-23,1970-10-01,37.7157
2019-12-23,2019-12-23,1970-11-01,37.4873
2019-12-23,2019-12-23,1970-12-01,38.3482
2019-12-23,2019-12-23,1971-01-01,38.6432
2019-12-23,2019-12-23,1971-02-01,38.5695
2019-12-23,2019-12-23,1971-03-01,38.5278
2019-12-23,2019-12-23,1971-04-01,38.7441
2019-12-23,2019-12-23,1971-05-01,38.9407
2019-12-23,2019-12-23,1971-06-01,39.1040
2019-12-23,2019-12-23,1971-07-01,38.9905
2019-12-23,2019-12-23,1971-08-01,38.7642
2019-12-23,2019-12-23,1971-09-01,39.3942
2019-12-23,2019-12-23,1971-10-01,39.6891
2019-12-23,2019-12-23,1971-11-01,39.8576
2019-12-23,2019-12-23,1971-12-01,40.3177
2019-12-23,2019-12-23,1972-01-01,41.2876
2019-12-23,2019-12-23,1972-02-01,41.6865
2019-12-23,2019-12-23,1972-03-01,41.9746
2019-12-23,2019-12-23,1972-04-01,42.4183
2019-12-23,2019-12-23,1972-05-01,42.3963
2019-12-23,2019-12-23,1972-06-01,42.5166
2019-12-23,2019-12-23,1972-07-01,42.4980
2019-12-23,2019-12-23,1972-08-01,43.0629
2019-12-23,2019-12-23,1972-09-01,43.3918
2019-12-23,2019-12-23,1972-10-01,43.9718
2019-12-23,2019-12-23,1972-11-01,44.4919
2019-12-23,2019-12-23,1972-12-01,45.0015
2019-12-23,2019-12-23,1973-01-01,45.2942
2019-12-23,2019-12-23,1973-02-01,45.9656
2019-12-23,2019-12-23,1973-03-01,45.9872
2019-12-23,2019-12-23,1973-04-01,45.9237
2019-12-23,2019-12-23,1973-05-01,46.2192
2019-12-23,2019-12-23,1973-06-01,46.2509
2019-12-23,2019-12-23,1973-07-01,46.4421
2019-12-23,2019-12-23,1973-08-01,46.3648
2019-12-23,2019-12-23,1973-09-01,46.7803
2019-12-23,2019-12-23,1973-10-01,47.0954
2019-12-23,2019-12-23,1973-11-01,47.3445
2019-12-23,2019-12-23,1973-12-01,47.2315
2019-12-23,2019-12-23,1974-01-01,46.8994
2019-12-23,2019-12-23,1974-02-01,46.7538
2019-12-23,2019-12-23,1974-03-01,46.7685
2019-12-23,2019-12-23,1974-04-01,46.6069
2019-12-23,2019-12-23,1974-05-01,46.9743
2019-12-23,2019-12-23,1974-06-01,46.9233
2019-12-23,2019-12-23,1974-07-01,46.9464
2019-12-23,2019-12-23,1974-08-01,46.4907
2019-12-23,2019-12-23,1974-09-01,46.5136
2019-12-23,2019-12-23,1974-10-01,46.3401
2019-12-23,2019-12-23,1974-11-01,44.8209
2019-12-23,2019-12-23,1974-12-01,43.2340
2019-12-23,2019-12-23,1975-01-01,42.6409
2019-12-23,2019-12-23,1975-02-01,41.6602
2019-12-23,2019-12-23,1975-03-01,41.2135
2019-12-23,2019-12-23,1975-04-01,41.2460
2019-12-23,2019-12-23,1975-05-01,41.1515
2019-12-23,2019-12-23,1975-06-01,41.4224
2019-12-23,2019-12-23,1975-07-01,41.8234
2019-12-23,2019-12-23,1975-08-01,42.2573
2019-12-23,2019-12-23,1975-09-01,42.7796
2019-12-23,2019-12-23,1975-10-01,42.9687
2019-12-23,2019-12-23,1975-11-01,43.0614
2019-12-23,2019-12-23,1975-12-01,43.5973
2019-12-23,2019-12-23,1976-01-01,44.2288
2019-12-23,2019-12-23,1976-02-01,44.6725
2019-12-23,2019-12-23,1976-03-01,44.7125
2019-12-23,2019-12-23,1976-04-01,44.9643
2019-12-23,2019-12-23,1976-05-01,45.1741
2019-12-23,2019-12-23,1976-06-01,45.1830
2019-12-23,2019-12-23,1976-07-01,45.4535
2019-12-23,2019-12-23,1976-08-01,45.7737
2019-12-23,2019-12-23,1976-09-01,45.9031
2019-12-23,2019-12-23,1976-10-01,45.9207
2019-12-23,2019-12-23,1976-11-01,46.5978
2019-12-23,2019-12-23,1976-12-01,47.0854
2019-12-23,2019-12-23,1977-01-01,46.8276
2019-12-23,2019-12-23,1977-02-01,47.5417
2019-12-23,2019-12-23,1977-03-01,48.1310
2019-12-23,2019-12-23,1977-04-01,48.5838
2019-12-23,2019-12-23,1977-05-01,48.9891
2019-12-23,2019-12-23,1977-06-01,49.3428
2019-12-23,2019-12-23,1977-07-01,49.4120
2019-12-23,2019-12-23,1977-08-01,49.4259
2019-12-23,2019-12-23,1977-09-01,49.6639
2019-12-23,2019-12-23,1977-10-01,49.7592
2019-12-23,2019-12-23,1977-11-01,49.8117
2019-12-23,2019-12-23,1977-12-01,49.8949
2019-12-23,2019-12-23,1978-01-01,49.2066
2019-12-23,2019-12-23,1978-02-01,49.4502
2019-12-23,2019-12-23,1978-03-01,50.3928
2019-12-23,2019-12-23,1978-04-01,51.4368
2019-12-23,2019-12-23,1978-05-01,51.6276
2019-12-23,2019-12-23,1978-06-01,51.9833
2019-12-23,2019-12-23,1978-07-01,51.9592
2019-12-23,2019-12-23,1978-08-01,52.1543
2019-12-23,2019-12-23,1978-09-01,52.2860
2019-12-23,2019-12-23,1978-10-01,52.7054
2019-12-23,2019-12-23,1978-11-01,53.1047
2019-12-23,2019-12-23,1978-12-01,53.3886
2019-12-23,2019-12-23,1979-01-01,53.0453
2019-12-23,2019-12-23,1979-02-01,53.3303
2019-12-23,2019-12-23,1979-03-01,53.4973
2019-12-23,2019-12-23,1979-04-01,52.8938
2019-12-23,2019-12-23,1979-05-01,53.3187
2019-12-23,2019-12-23,1979-06-01,53.3157
2019-12-23,2019-12-23,1979-07-01,53.2433
2019-12-23,2019-12-23,1979-08-01,52.8899
2019-12-23,2019-12-23,1979-09-01,52.9486
2019-12-23,2019-12-23,1979-10-01,53.2390
2019-12-23,2019-12-23,1979-11-01,53.1918
2019-12-23,2019-12-23,1979-12-01,53.2603
2019-12-23,2019-12-23,1980-01-01,53.5037
2019-12-23,2019-12-23,1980-02-01,53.5053
2019-12-23,2019-12-23,1980-03-01,53.3294
2019-12-23,2019-12-23,1980-04-01,52.2336
2019-12-23,2019-12-23,1980-05-01,50.9638
2019-12-23,2019-12-23,1980-06-01,50.3348
2019-12-23,2019-12-23,1980-07-01,49.9462
2019-12-23,2019-12-23,1980-08-01,50.1256
2019-12-23,2019-12-23,1980-09-01,50.9386
2019-12-23,2019-12-23,1980-10-01,51.5813
2019-12-23,2019-12-23,1980-11-01,52.4717
2019-12-23,2019-12-23,1980-12-01,52.7685
2019-12-23,2019-12-23,1981-01-01,52.4668
2019-12-23,2019-12-23,1981-02-01,52.2260
2019-12-23,2019-12-23,1981-03-01,52.5025
2019-12-23,2019-12-23,1981-04-01,52.2691
2019-12-23,2019-12-23,1981-05-01,52.5803
2019-12-23,2019-12-23,1981-06-01,52.8284
2019-12-23,2019-12-23,1981-07-01,53.1751
2019-12-23,2019-12-23,1981-08-01,53.1679
2019-12-23,2019-12-23,1981-09-01,52.8514
2019-12-23,2019-12-23,1981-10-01,52.4949
2019-12-23,2019-12-23,1981-11-01,51.8940
2019-12-23,2019-12-23,1981-12-01,51.3274
2019-12-23,2019-12-23,1982-01-01,50.3043
2019-12-23,2019-12-23,1982-02-01,51.3016
2019-12-23,2019-12-23,1982-03-01,50.9104
2019-12-23,2019-12-23,1982-04-01,50.4627
2019-12-23,2019-12-23,1982-05-01,50.1380
2019-12-23,2019-12-23,1982-06-01,49.9692
2019-12-23,2019-12-23,1982-07-01,49.8138
2019-12-23,2019-12-23,1982-08-01,49.3773
2019-12-23,2019-12-23,1982-09-01,49.2260
2019-12-23,2019-12-23,1982-10-01,48.7874
2019-12-23,2019-12-23,1982-11-01,48.5920
2019-12-23,2019-12-23,1982-12-01,48.2424
2019-12-23,2019-12-23,1983-01-01,49.1762
2019-12-23,2019-12-23,1983-02-01,48.8688
2019-12-23,2019-12-23,1983-03-01,49.2654
2019-12-23,2019-12-23,1983-04-01,49.8675
2019-12-23,2019-12-23,1983-05-01,50.2084
2019-12-23,2019-12-23,1983-06-01,50.5089
2019-12-23,2019-12-23,1983-07-01,51.2733
2019-12-23,2019-12-23,1983-08-01,51.8454
2019-12-23,2019-12-23,1983-09-01,52.6303
2019-12-23,2019-12-23,1983-10-01,53.0679
2019-12-23,2019-12-23,1983-11-01,53.2534
2019-12-23,2019-12-23,1983-12-01,53.5343
2019-12-23,2019-12-23,1984-01-01,54.6008
2019-12-23,2019-12-23,1984-02-01,54.8350
2019-12-23,2019-12-23,1984-03-01,55.1052
2019-12-23,2019-12-23,1984-04-01,55.4514
2019-12-23,2019-12-23,1984-05-01,55.7141
2019-12-23,2019-12-23,1984-06-01,55.9085
2019-12-23,2019-12-23,1984-07-01,56.0842
2019-12-23,2019-12-23,1984-08-01,56.1376
2019-12-23,2019-12-23,1984-09-01,56.0382
2019-12-23,2019-12-23,1984-10-01,55.9459
2019-12-23,2019-12-23,1984-11-01,56.1667
2019-12-23,2019-12-23,1984-12-01,56.2296
2019-12-23,2019-12-23,1985-01-01,56.1398
2019-12-23,2019-12-23,1985-02-01,56.3323
2019-12-23,2019-12-23,1985-03-01,56.4232
2019-12-23,2019-12-23,1985-04-01,56.2693
2019-12-23,2019-12-23,1985-05-01,56.3488
2019-12-23,2019-12-23,1985-06-01,56.3901
2019-12-23,2019-12-23,1985-07-01,56.0234
2019-12-23,2019-12-23,1985-08-01,56.2555
2019-12-23,2019-12-23,1985-09-01,56.4983
2019-12-23,2019-12-23,1985-10-01,56.2648
2019-12-23,2019-12-23,1985-11-01,56.4549
2019-12-23,2019-12-23,1985-12-01,57.0458
2019-12-23,2019-12-23,1986-01-01,57.3104
2019-12-23,2019-12-23,1986-02-01,56.9344
2019-12-23,2019-12-23,1986-03-01,56.5420
2019-12-23,2019-12-23,1986-04-01,56.5599
2019-12-23,2019-12-23,1986-05-01,56.6823
2019-12-23,2019-12-23,1986-06-01,56.4976
2019-12-23,2019-12-23,1986-07-01,56.8140
2019-12-23,2019-12-23,1986-08-01,56.7381
2019-12-23,2019-12-23,1986-09-01,56.8532
2019-12-23,2019-12-23,1986-10-01,57.1191
2019-12-23,2019-12-23,1986-11-01,57.3792
2019-12-23,2019-12-23,1986-12-01,57.8623
2019-12-23,2019-12-23,1987-01-01,57.6850
2019-12-23,2019-12-23,1987-02-01,58.4399
2019-12-23,2019-12-23,1987-03-01,58.5160
2019-12-23,2019-12-23,1987-04-01,58.8851
2019-12-23,2019-12-23,1987-05-01,59.2653
2019-12-23,2019-12-23,1987-06-01,59.5409
2019-12-23,2019-12-23,1987-07-01,59.9536
2019-12-23,2019-12-23,1987-08-01,60.4517
2019-12-23,2019-12-23,1987-09-01,60.6069
2019-12-23,2019-12-23,1987-10-01,61.4910
2019-12-23,2019-12-23,1987-11-01,61.8137
2019-12-23,2019-12-23,1987-12-01,62.1190
2019-12-23,2019-12-23,1988-01-01,62.1469
2019-12-23,2019-12-23,1988-02-01,62.4169
2019-12-23,2019-12-23,1988-03-01,62.5418
2019-12-23,2019-12-23,1988-04-01,62.8959
2019-12-23,2019-12-23,1988-05-01,62.8223
2019-12-23,2019-12-23,1988-06-01,62.9823
2019-12-23,2019-12-23,1988-07-01,63.0093
2019-12-23,2019-12-23,1988-08-01,63.2723
2019-12-23,2019-12-23,1988-09-01,63.0990
2019-12-23,2019-12-23,1988-10-01,63.4122
2019-12-23,2019-12-23,1988-11-01,63.5128
2019-12-23,2019-12-23,1988-12-01,63.8233
2019-12-23,2019-12-23,1989-01-01,64.0153
2019-12-23,2019-12-23,1989-02-01,63.7242
2019-12-23,2019-12-23,1989-03-01,63.8691
2019-12-23,2019-12-23,1989-04-01,63.9124
2019-12-23,2019-12-23,1989-05-01,63.4884
2019-12-23,2019-12-23,1989-06-01,63.5187
2019-12-23,2019-12-23,1989-07-01,62.9354
2019-12-23,2019-12-23,1989-08-01,63.5168
2019-12-23,2019-12-23,1989-09-01,63.2954
2019-12-23,2019-12-23,1989-10-01,63.2542
2019-12-23,2019-12-23,1989-11-01,63.4616
2019-12-23,2019-12-23,1989-12-01,63.8467
2019-12-23,2019-12-23,1990-01-01,63.4228
2019-12-23,2019-12-23,1990-02-01,64.0446
2019-12-23,2019-12-23,1990-03-01,64.3580
2019-12-23,2019-12-23,1990-04-01,64.2602
2019-12-23,2019-12-23,1990-05-01,64.3973
2019-12-23,2019-12-23,1990-06-01,64.6041
2019-12-23,2019-12-23,1990-07-01,64.5205
2019-12-23,2019-12-23,1990-08-01,64.7326
2019-12-23,2019-12-23,1990-09-01,64.8145
2019-12-23,2019-12-23,1990-10-01,64.3274
2019-12-23,2019-12-23,1990-11-01,63.5753
2019-12-23,2019-12-23,1990-12-01,63.1594
2019-12-23,2019-12-23,1991-01-01,62.8852
2019-12-23,2019-12-23,1991-02-01,62.4462
2019-12-23,2019-12-23,1991-03-01,62.1190
2019-12-23,2019-12-23,1991-04-01,62.2415
2019-12-23,2019-12-23,1991-05-01,62.8646
2019-12-23,2019-12-23,1991-06-01,63.4372
2019-12-23,2019-12-23,1991-07-01,63.5128
2019-12-23,2019-12-23,1991-08-01,63.5671
2019-12-23,2019-12-23,1991-09-01,64.1330
2019-12-23,2019-12-23,1991-10-01,64.0213
2019-12-23,2019-12-23,1991-11-01,63.9480
2019-12-23,2019-12-23,1991-12-01,63.6937
2019-12-23,2019-12-23,1992-01-01,63.3374
2019-12-23,2019-12-23,1992-02-01,63.7911
2019-12-23,2019-12-23,1992-03-01,64.3212
2019-12-23,2019-12-23,1992-04-01,64.8088
2019-12-23,2019-12-23,1992-05-01,65.0202
2019-12-23,2019-12-23,1992-06-01,65.0295
2019-12-23,2019-12-23,1992-07-01,65.6172
2019-12-23,2019-12-23,1992-08-01,65.2943
2019-12-23,2019-12-23,1992-09-01,65.4460
2019-12-23,2019-12-23,1992-10-01,65.9369
2019-12-23,2019-12-23,1992-11-01,66.2174
2019-12-23,2019-12-23,1992-12-01,66.2772
2019-12-23,2019-12-23,1993-01-01,66.5643
2019-12-23,2019-12-23,1993-02-01,66.8594
2019-12-23,2019-12-23,1993-03-01,66.7658
2019-12-23,2019-12-23,1993-04-01,67.0000
2019-12-23,2019-12-23,1993-05-01,66.7674
2019-12-23,2019-12-23,1993-06-01,66.8781
2019-12-23,2019-12-23,1993-07-01,67.0845
2019-12-23,2019-12-23,1993-08-01,67.0140
2019-12-23,2019-12-23,1993-09-01,67.3345
2019-12-23,2019-12-23,1993-10-01,67.8515
2019-12-23,2019-12-23,1993-11-01,68.1326
2019-12-23,2019-12-23,1993-12-01,68.5054
2019-12-23,2019-12-23,1994-01-01,68.7648
2019-12-23,2019-12-23,1994-02-01,68.7836
2019-12-23,2019-12-23,1994-03-01,69.4766
2019-12-23,2019-12-23,1994-04-01,69.8703
2019-12-23,2019-12-23,1994-05-01,70.2281
2019-12-23,2019-12-23,1994-06-01,70.6763
2019-12-23,2019-12-23,1994-07-01,70.7846
2019-12-23,2019-12-23,1994-08-01,71.2053
2019-12-23,2019-12-23,1994-09-01,71.4767
2019-12-23,2019-12-23,1994-10-01,72.0820
2019-12-23,2019-12-23,1994-11-01,72.5263
2019-12-23,2019-12-23,1994-12-01,73.2879
2019-12-23,2019-12-23,1995-01-01,73.4219
2019-12-23,2019-12-23,1995-02-01,73.3025
2019-12-23,2019-12-23,1995-03-01,73.4081
2019-12-23,2019-12-23,1995-04-01,73.3612
2019-12-23,2019-12-23,1995-05-01,73.6104
2019-12-23,2019-12-23,1995-06-01,73.8602
2019-12-23,2019-12-23,1995-07-01,73.5664
2019-12-23,2019-12-23,1995-08-01,74.4950
2019-12-23,2019-12-23,1995-09-01,74.7937
2019-12-23,2019-12-23,1995-10-01,74.7017
2019-12-23,2019-12-23,1995-11-01,74.8897
2019-12-23,2019-12-23,1995-12-01,75.1755
2019-12-23,2019-12-23,1996-01-01,74.6841
2019-12-23,2019-12-23,1996-02-01,75.8344
2019-12-23,2019-12-23,1996-03-01,75.7631
2019-12-23,2019-12-23,1996-04-01,76.4562
2019-12-23,2019-12-23,1996-05-01,77.0161
2019-12-23,2019-12-23,1996-06-01,77.6669
2019-12-23,2019-12-23,1996-07-01,77.5662
2019-12-23,2019-12-23,1996-08-01,78.0160
2019-12-23,2019-12-23,1996-09-01,78.5532
2019-12-23,2019-12-23,1996-10-01,78.5065
2019-12-23,2019-12-23,1996-11-01,79.1996
2019-12-23,2019-12-23,1996-12-01,79.7143
2019-12-23,2019-12-23,1997-01-01,79.8273
2019-12-23,2019-12-23,1997-02-01,80.7930
2019-12-23,2019-12-23,1997-03-01,81.3340
2019-12-23,2019-12-23,1997-04-01,81.3531
2019-12-23,2019-12-23,1997-05-01,81.8293
2019-12-23,2019-12-23,1997-06-01,82.2285
2019-12-23,2019-12-23,1997-07-01,82.8557
2019-12-23,2019-12-23,1997-08-01,83.7214
2019-12-23,2019-12-23,1997-09-01,84.4651
2019-12-23,2019-12-23,1997-10-01,85.1918
2019-12-23,2019-12-23,1997-11-01,85.9397
2019-12-23,2019-12-23,1997-12-01,86.2047
2019-12-23,2019-12-23,1998-01-01,86.6474
2019-12-23,2019-12-23,1998-02-01,86.7612
2019-12-23,2019-12-23,1998-03-01,86.8198
2019-12-23,2019-12-23,1998-04-01,87.1411
2019-12-23,2019-12-23,1998-05-01,87.6952
2019-12-23,2019-12-23,1998-06-01,87.1450
2019-12-23,2019-12-23,1998-07-01,86.8423
2019-12-23,2019-12-23,1998-08-01,88.6247
2019-12-23,2019-12-23,1998-09-01,88.4515
2019-12-23,2019-12-23,1998-10-01,89.1677
2019-12-23,2019-12-23,1998-11-01,89.1098
2019-12-23,2019-12-23,1998-12-01,89.4407
2019-12-23,2019-12-23,1999-01-01,89.8594
2019-12-23,2019-12-23,1999-02-01,90.3386
2019-12-23,2019-12-23,1999-03-01,90.4819
2019-12-23,2019-12-23,1999-04-01,90.7274
2019-12-23,2019-12-23,1999-05-01,91.3520
2019-12-23,2019-12-23,1999-06-01,91.1994
2019-12-23,2019-12-23,1999-07-01,91.7766
2019-12-23,2019-12-23,1999-08-01,92.1629
2019-12-23,2019-12-23,1999-09-01,91.7740
2019-12-23,2019-12-23,1999-10-01,92.9979
2019-12-23,2019-12-23,1999-11-01,93.4371
2019-12-23,2019-12-23,1999-12-01,94.1593
2019-12-23,2019-12-23,2000-01-01,94.1758
2019-12-23,2019-12-23,2000-02-01,94.4557
2019-12-23,2019-12-23,2000-03-01,94.7980
2019-12-23,2019-12-23,2000-04-01,95.4808
2019-12-23,2019-12-23,2000-05-01,95.6435
2019-12-23,2019-12-23,2000-06-01,95.7353
2019-12-23,2019-12-23,2000-07-01,95.5906
2019-12-23,2019-12-23,2000-08-01,95.3112
2019-12-23,2019-12-23,2000-09-01,95.6790
2019-12-23,2019-12-23,2000-10-01,95.3970
2019-12-23,2019-12-23,2000-11-01,95.4229
2019-12-23,2019-12-23,2000-12-01,95.1573
2019-12-23,2019-12-23,2001-01-01,94.5448
2019-12-23,2019-12-23,2001-02-01,93.9398
2019-12-23,2019-12-23,2001-03-01,93.7201
2019-12-23,2019-12-23,2001-04-01,93.4469
2019-12-23,2019-12-23,2001-05-01,92.8760
2019-12-23,2019-12-23,2001-06-01,92.3208
2019-12-23,2019-12-23,2001-07-01,91.7933
2019-12-23,2019-12-23,2001-08-01,91.6795
2019-12-23,2019-12-23,2001-09-01,91.3289
2019-12-23,2019-12-23,2001-10-01,90.9315
2019-12-23,2019-12-23,2001-11-01,90.4860
2019-12-23,2019-12-23,2001-12-01,90.5073
2019-12-23,2019-12-23,2002-01-01,91.0794
2019-12-23,2019-12-23,2002-02-01,91.0553
2019-12-23,2019-12-23,2002-03-01,91.7980
2019-12-23,2019-12-23,2002-04-01,92.1771
2019-12-23,2019-12-23,2002-05-01,92.5668
2019-12-23,2019-12-23,2002-06-01,93.4476
2019-12-23,2019-12-23,2002-07-01,93.2237
2019-12-23,2019-12-23,2002-08-01,93.2359
2019-12-23,2019-12-23,2002-09-01,93.3654
2019-12-23,2019-12-23,2002-10-01,93.0834
2019-12-23,2019-12-23,2002-11-01,93.5693
2019-12-23,2019-12-23,2002-12-01,93.1103
2019-12-23,2019-12-23,2003-01-01,93.8198
2019-12-23,2019-12-23,2003-02-01,93.9532
2019-12-23,2019-12-23,2003-03-01,93.7358
2019-12-23,2019-12-23,2003-04-01,93.0657
2019-12-23,2019-12-23,2003-05-01,93.0918
2019-12-23,2019-12-23,2003-06-01,93.2476
2019-12-23,2019-12-23,2003-07-01,93.6582
2019-12-23,2019-12-23,2003-08-01,93.5246
2019-12-23,2019-12-23,2003-09-01,94.0751
2019-12-23,2019-12-23,2003-10-01,94.2079
2019-12-23,2019-12-23,2003-11-01,94.9338
2019-12-23,2019-12-23,2003-12-01,94.8662
2019-12-23,2019-12-23,2004-01-01,95.1085
2019-12-23,2019-12-23,2004-02-01,95.6847
2019-12-23,2019-12-23,2004-03-01,95.2088
2019-12-23,2019-12-23,2004-04-01,95.6385
2019-12-23,2019-12-23,2004-05-01,96.3966
2019-12-23,2019-12-23,2004-06-01,95.6019
2019-12-23,2019-12-23,2004-07-01,96.3385
2019-12-23,2019-12-23,2004-08-01,96.4095
2019-12-23,2019-12-23,2004-09-01,96.4907
2019-12-23,2019-12-23,2004-10-01,97.4094
2019-12-23,2019-12-23,2004-11-01,97.6137
2019-12-23,2019-12-23,2004-12-01,98.3318
2019-12-23,2019-12-23,2005-01-01,98.7845
2019-12-23,2019-12-23,2005-02-01,99.4639
2019-12-23,2019-12-23,2005-03-01,99.3061
2019-12-23,2019-12-23,2005-04-01,99.4734
2019-12-23,2019-12-23,2005-05-01,99.6033
2019-12-23,2019-12-23,2005-06-01,99.9853
2019-12-23,2019-12-23,2005-07-01,99.6692
2019-12-23,2019-12-23,2005-08-01,99.9435
2019-12-23,2019-12-23,2005-09-01,98.0779
2019-12-23,2019-12-23,2005-10-01,99.3149
2019-12-23,2019-12-23,2005-11-01,100.3216
2019-12-23,2019-12-23,2005-12-01,100.9437
2019-12-23,2019-12-23,2006-01-01,101.0627
2019-12-23,2019-12-23,2006-02-01,101.0669
2019-12-23,2019-12-23,2006-03-01,101.2751
2019-12-23,2019-12-23,2006-04-01,101.6813
2019-12-23,2019-12-23,2006-05-01,101.5790
2019-12-23,2019-12-23,2006-06-01,101.9693
2019-12-23,2019-12-23,2006-07-01,101.9319
2019-12-23,2019-12-23,2006-08-01,102.3327
2019-12-23,2019-12-23,2006-09-01,102.1252
2019-12-23,2019-12-23,2006-10-01,102.0668
2019-12-23,2019-12-23,2006-11-01,101.9688
2019-12-23,2019-12-23,2006-12-01,103.0292
2019-12-23,2019-12-23,2007-01-01,102.4933
2019-12-23,2019-12-23,2007-02-01,103.5264
2019-12-23,2019-12-23,2007-03-01,103.7521
2019-12-23,2019-12-23,2007-04-01,104.4814
2019-12-23,2019-12-23,2007-05-01,104.5322
2019-12-23,2019-12-23,2007-06-01,104.5617
2019-12-23,2019-12-23,2007-07-01,104.5227
2019-12-23,2019-12-23,2007-08-01,104.7556
2019-12-23,2019-12-23,2007-09-01,105.1611
2019-12-23,2019-12-23,2007-10-01,104.7171
2019-12-23,2019-12-23,2007-11-01,105.3338
2019-12-23,2019-12-23,2007-12-01,105.3457
2019-12-23,2019-12-23,2008-01-01,105.0619
2019-12-23,2019-12-23,2008-02-01,104.7094
2019-12-23,2019-12-23,2008-03-01,104.4616
2019-12-23,2019-12-23,2008-04-01,103.6704
2019-12-23,2019-12-23,2008-05-01,103.0863
2019-12-23,2019-12-23,2008-06-01,102.8445
2019-12-23,2019-12-23,2008-07-01,102.3002
2019-12-23,2019-12-23,2008-08-01,100.7353
2019-12-23,2019-12-23,2008-09-01,96.3666
2019-12-23,2019-12-23,2008-10-01,97.2832
2019-12-23,2019-12-23,2008-11-01,96.0605
2019-12-23,2019-12-23,2008-12-01,93.2521
2019-12-23,2019-12-23,2009-01-01,91.0373
2019-12-23,2019-12-23,2009-02-01,90.4502
2019-12-23,2019-12-23,2009-03-01,89.0160
2019-12-23,2019-12-23,2009-04-01,88.3056
2019-12-23,2019-12-23,2009-05-01,87.4155
2019-12-23,2019-12-23,2009-06-01,87.0742
2019-12-23,2019-12-23,2009-07-01,88.0323
2019-12-23,2019-12-23,2009-08-01,89.0190
2019-12-23,2019-12-23,2009-09-01,89.6926
2019-12-23,2019-12-23,2009-10-01,89.9797
2019-12-23,2019-12-23,2009-11-01,90.3375
2019-12-23,2019-12-23,2009-12-01,90.6132
2019-12-23,2019-12-23,2010-01-01,91.6642
2019-12-23,2019-12-23,2010-02-01,91.9940
2019-12-23,2019-12-23,2010-03-01,92.5993
2019-12-23,2019-12-23,2010-04-01,92.9436
2019-12-23,2019-12-23,2010-05-01,94.2997
2019-12-23,2019-12-23,2010-06-01,94.4397
2019-12-23,2019-12-23,2010-07-01,94.8536
2019-12-23,2019-12-23,2010-08-01,95.1448
2019-12-23,2019-12-23,2010-09-01,95.3637
2019-12-23,2019-12-23,2010-10-01,95.1109
2019-12-23,2019-12-23,2010-11-01,95.1383
2019-12-23,2019-12-23,2010-12-01,96.0599
2019-12-23,2019-12-23,2011-01-01,95.9364
2019-12-23,2019-12-23,2011-02-01,95.5154
2019-12-23,2019-12-23,2011-03-01,96.4643
2019-12-23,2019-12-23,2011-04-01,96.1187
2019-12-23,2019-12-23,2011-05-01,96.3377
2019-12-23,2019-12-23,2011-06-01,96.6154
2019-12-23,2019-12-23,2011-07-01,97.1292
2019-12-23,2019-12-23,2011-08-01,97.6731
2019-12-23,2019-12-23,2011-09-01,97.6494
2019-12-23,2019-12-23,2011-10-01,98.3222
2019-12-23,2019-12-23,2011-11-01,98.2433
2019-12-23,2019-12-23,2011-12-01,98.7876
2019-12-23,2019-12-23,2012-01-01,99.3925
2019-12-23,2019-12-23,2012-02-01,99.6203
2019-12-23,2019-12-23,2012-03-01,99.1551
2019-12-23,2019-12-23,2012-04-01,99.9006
2019-12-23,2019-12-23,2012-05-01,100.0924
2019-12-23,2019-12-23,2012-06-01,100.0728
2019-12-23,2019-12-23,2012-07-01,100.3354
2019-12-23,2019-12-23,2012-08-01,99.8560
2019-12-23,2019-12-23,2012-09-01,99.9049
2019-12-23,2019-12-23,2012-10-01,100.1167
2019-12-23,2019-12-23,2012-11-01,100.5991
2019-12-23,2019-12-23,2012-12-01,100.9542
2019-12-23,2019-12-23,2013-01-01,100.8204
2019-12-23,2019-12-23,2013-02-01,101.3995
2019-12-23,2019-12-23,2013-03-01,101.8114
2019-12-23,2019-12-23,2013-04-01,101.6364
2019-12-23,2019-12-23,2013-05-01,101.7476
2019-12-23,2019-12-23,2013-06-01,101.9549
2019-12-23,2019-12-23,2013-07-01,101.5204
2019-12-23,2019-12-23,2013-08-01,102.1907
2019-12-23,2019-12-23,2013-09-01,102.7170
2019-12-23,2019-12-23,2013-10-01,102.5371
2019-12-23,2019-12-23,2013-11-01,102.8379
2019-12-23,2019-12-23,2013-12-01,103.1504
2019-12-23,2019-12-23,2014-01-01,102.7216
2019-12-23,2019-12-23,2014-02-01,103.5917
2019-12-23,2019-12-23,2014-03-01,104.5889
2019-12-23,2019-12-23,2014-04-01,104.6371
2019-12-23,2019-12-23,2014-05-01,105.0152
2019-12-23,2019-12-23,2014-06-01,105.4081
2019-12-23,2019-12-23,2014-07-01,105.6157
2019-12-23,2019-12-23,2014-08-01,105.4986
2019-12-23,2019-12-23,2014-09-01,105.8138
2019-12-23,2019-12-23,2014-10-01,105.8357
2019-12-23,2019-12-23,2014-11-01,106.6634
2019-12-23,2019-12-23,2014-12-01,106.5085
2019-12-23,2019-12-23,2015-01-01,105.9806
2019-12-23,2019-12-23,2015-02-01,105.4425
2019-12-23,2019-12-23,2015-03-01,105.1464
2019-12-23,2019-12-23,2015-04-01,104.5272
2019-12-23,2019-12-23,2015-05-01,104.0742
2019-12-23,2019-12-23,2015-06-01,103.7174
2019-12-23,2019-12-23,2015-07-01,104.3243
2019-12-23,2019-12-23,2015-08-01,104.1621
2019-12-23,2019-12-23,2015-09-01,103.7768
2019-12-23,2019-12-23,2015-10-01,103.3976
2019-12-23,2019-12-23,2015-11-01,102.6866
2019-12-23,2019-12-23,2015-12-01,102.1014
2019-12-23,2019-12-23,2016-01-01,102.9525
2019-12-23,2019-12-23,2016-02-01,102.2225
2019-12-23,2019-12-23,2016-03-01,101.4155
2019-12-23,2019-12-23,2016-04-01,101.5167
2019-12-23,2019-12-23,2016-05-01,101.4298
2019-12-23,2019-12-23,2016-06-01,101.8747
2019-12-23,2019-12-23,2016-07-01,102.1325
2019-12-23,2019-12-23,2016-08-01,102.0407
2019-12-23,2019-12-23,2016-09-01,102.0477
2019-12-23,2019-12-23,2016-10-01,102.2485
2019-12-23,2019-12-23,2016-11-01,102.0507
2019-12-23,2019-12-23,2016-12-01,102.9281
2019-12-23,2019-12-23,2017-01-01,103.0366
2019-12-23,2019-12-23,2017-02-01,102.6479
2019-12-23,2019-12-23,2017-03-01,103.3430
2019-12-23,2019-12-23,2017-04-01,104.2721
2019-12-23,2019-12-23,2017-05-01,104.4129
2019-12-23,2019-12-23,2017-06-01,104.5849
2019-12-23,2019-12-23,2017-07-01,104.5427
2019-12-23,2019-12-23,2017-08-01,104.0475
2019-12-23,2019-12-23,2017-09-01,104.0502
2019-12-23,2019-12-23,2017-10-01,105.6287
2019-12-23,2019-12-23,2017-11-01,106.1930
2019-12-23,2019-12-23,2017-12-01,106.5360
2019-12-23,2019-12-23,2018-01-01,106.2655
2019-12-23,2019-12-23,2018-02-01,106.6419
2019-12-23,2019-12-23,2018-03-01,107.2519
2019-12-23,2019-12-23,2018-04-01,108.2223
2019-12-23,2019-12-23,2018-05-01,107.3639
2019-12-23,2019-12-23,2018-06-01,108.1707
2019-12-23,2019-12-23,2018-07-01,108.6520
2019-12-23,2019-12-23,2018-08-01,109.5246
2019-12-23,2019-12-23,2018-09-01,109.6749
2019-12-23,2019-12-23,2018-10-01,109.9165
2019-12-23,2019-12-23,2018-11-01,110.5067
2019-12-23,2019-12-23,2018-12-01,110.5516
2019-12-23,2019-12-23,2019-01-01,110.1185
2019-12-23,2019-12-23,2019-02-01,109.5631
2019-12-23,2019-12-23,2019-03-01,109.6811
2019-12-23,2019-12-23,2019-04-01,108.9888
2019-12-23,2019-12-23,2019-05-01,109.2264
2019-12-23,2019-12-23,2019-06-01,109.2774
2019-12-23,2019-12-23,2019-07-01,109.1062
2019-12-23,2019-12-23,2019-08-01,109.9392
2019-12-23,2019-12-23,2019-09-01,109.4560
2019-12-23,2019-12-23,2019-10-01,108.4887
2019-12-23,2019-12-23,2019-11-01,109.6770
